clade,gene,aa_site
20H,S,241
20H,S,242
20H,S,243
20I,S,69
20I,S,70
20I,S,144
21I,S,156
21I,S,157
21J,S,156
21J,S,157
21K,N,31
21K,N,32
21K,N,33
21K,S,69
21K,S,70
21K,S,142
21K,S,143
21K,S,144
21K,S,211
21L,N,31
21L,N,32
21L,N,33
21L,S,24
21L,S,25
21L,S,26
22A,N,31
22A,N,32
22A,N,33
22A,S,24
22A,S,25
22A,S,26
22A,S,69
22A,S,70
22B,N,31
22B,N,32
22B,N,33
22B,S,24
22B,S,25
22B,S,26
22B,S,69
22B,S,70
22C,N,31
22C,N,32
22C,N,33
22C,S,24
22C,S,25
22C,S,26
22D,N,31
22D,N,32
22D,N,33
22D,S,24
22D,S,25
22D,S,26
22E,N,31
22E,N,32
22E,N,33
22E,S,24
22E,S,25
22E,S,26
22E,S,69
22E,S,70
22F,N,31
22F,N,32
22F,N,33
22F,S,24
22F,S,25
22F,S,26
22F,S,144
23A,N,31
23A,N,32
23A,N,33
23A,S,24
23A,S,25
23A,S,26
23A,S,144
23B,N,31
23B,N,32
23B,N,33
23B,S,24
23B,S,25
23B,S,26
23B,S,144
23C,N,31
23C,N,32
23C,N,33
23C,S,24
23C,S,25
23C,S,26
23D,N,31
23D,N,32
23D,N,33
23D,S,24
23D,S,25
23D,S,26
23D,S,144
23E,N,31
23E,N,32
23E,N,33
23E,S,24
23E,S,25
23E,S,26
23E,S,144
23F,N,31
23F,N,32
23F,N,33
23F,S,24
23F,S,25
23F,S,26
23F,S,144
23H,N,31
23H,N,32
23H,N,33
23H,S,24
23H,S,25
23H,S,26
23H,S,144
23I,N,31
23I,N,32
23I,N,33
23I,S,24
23I,S,25
23I,S,26
23I,S,69
23I,S,70
23I,S,144
23I,S,211
23I,S,483
