protein,clade,position,aa1,aa2
S,20I,69,H,-
S,20I,144,Y,-
S,20H,241,L,-
S,21D,69,H,-
S,21D,144,Y,-
S,21E,141,L,-
S,21G,246,R,-
S,21I,156,E,-
S,21J,156,E,-
S,21K,142,G,-
S,21K,69,H,-
S,21K,211,N,-
S,21L,24,L,-
S,21M,69,H,-
S,21M,142,G,-
S,21M,211,N,-
S,22A,24,L,-
S,22A,69,H,-
S,22B,24,L,-
S,22B,69,H,-
S,22C,24,L,-
S,22D,24,L,-
S,22E,24,L,-
S,22E,69,H,-
S,22F,24,L,-
S,22F,144,Y,-
S,23A,24,L,-
S,23A,144,Y,-
S,23B,24,L,-
S,23B,144,Y,-
S,23C,24,L,-
S,23D,24,L,-
S,23D,144,Y,-
S,23E,24,L,-
S,23E,144,Y,-
S,23F,24,L,-
S,23F,144,Y,-
S,23G,24,L,-
S,23G,144,Y,-
S,23H,24,L,-
S,23H,144,Y,-
S,23I,24,L,-
S,23I,69,H,-
S,23I,144,Y,-
S,23I,211,N,-
S,23I,483,V,-
S,24A,24,L,-
S,24A,69,H,-
S,24A,144,Y,-
S,24A,211,N,-
S,24A,483,V,-
N,21D,2,S,-
N,21K,31,E,-
N,21L,31,E,-
N,21M,31,E,-
N,22A,31,E,-
N,22B,31,E,-
N,22C,31,E,-
N,22D,31,E,-
N,22E,31,E,-
N,22F,31,E,-
N,23A,31,E,-
N,23B,31,E,-
N,23C,31,E,-
N,23D,31,E,-
N,23E,31,E,-
N,23F,31,E,-
N,23H,31,E,-
N,23I,31,E,-
N,24A,31,E,-